symboling,normalized-losses,make,fuel-type,aspiration,num-of-doors,body-style,drive-wheels,engine-location,wheel-base,length,width,height,curb-weight,engine-type,num-of-cylinders,engine-size,fuel-system,bore,stroke,compression-ratio,horsepower,peak-rpm,city-mpg,highway-mpg,price,year,resale_price,price_ratio,depreciation,car_age,prediction,actual
0,89.0,subaru,gas,std,four,wagon,fwd,front,97.0,173.5,65.4,53.0,2455,ohcf,four,108,mpfi,3.62,2.64,9.0,94.0,5200.0,25,31,10198.0,2017,7231.35,0.7090949205726613,2966.6499999999996,8,0,0
1,113.0,mazda,gas,std,four,sedan,fwd,front,93.1,166.8,64.2,54.1,1945,ohc,four,91,2bbl,3.03,3.15,9.0,68.0,5000.0,31,38,6695.0,2021,5955.11,0.8894861837191934,739.8900000000003,4,1,1
0,161.0,peugot,gas,turbo,four,sedan,rwd,front,108.0,186.7,68.3,56.0,3130,l,four,134,mpfi,3.61,3.21,7.0,142.0,5600.0,18,24,18150.0,2014,13389.15,0.737694214876033,4760.85,11,0,0
1,128.0,nissan,gas,std,two,sedan,fwd,front,94.5,165.3,63.8,54.5,1918,ohc,four,97,2bbl,3.15,3.29,9.4,69.0,5200.0,31,37,6649.0,2011,5264.18,0.7917250714393143,1384.8199999999997,14,0,0
2,134.0,toyota,gas,std,two,hatchback,rwd,front,98.4,176.2,65.6,52.0,2551,ohc,four,146,mpfi,3.62,3.5,9.3,116.0,4800.0,24,30,9989.0,2012,7468.37,0.7476594253679046,2520.63,13,0,0
0,93.0,mercedes-benz,diesel,turbo,two,hardtop,rwd,front,106.7,187.5,70.3,54.9,3495,ohc,five,183,idi,3.58,3.64,21.5,123.0,4350.0,22,25,28176.0,2011,26650.36,0.9458532084043157,1525.6399999999994,14,1,1
-1,95.0,volvo,gas,turbo,four,sedan,rwd,front,109.1,188.8,68.9,55.5,3062,ohc,four,141,mpfi,3.78,3.15,9.5,114.0,5400.0,19,25,22625.0,2014,15974.09,0.7060371270718232,6650.91,11,0,0
1,125.0,mitsubishi,gas,std,four,sedan,fwd,front,96.3,172.4,65.4,51.6,2405,ohc,four,122,2bbl,3.35,3.46,8.5,88.0,5000.0,25,32,8189.0,2010,6695.22,0.8175870069605569,1493.7799999999997,15,1,1
-1,110.0,dodge,gas,std,four,wagon,fwd,front,103.3,174.6,64.6,59.8,2535,ohc,four,122,2bbl,3.34,3.46,8.5,88.0,5000.0,24,30,8921.0,2011,8207.62,0.9200336285169824,713.3799999999992,14,1,1
2,83.0,subaru,gas,std,two,hatchback,fwd,front,93.7,157.9,63.6,53.7,2120,ohcf,four,108,2bbl,3.62,2.64,8.7,73.0,4400.0,26,31,7053.0,2010,5042.09,0.7148858641712746,2010.9099999999999,15,0,0
1,154.0,plymouth,gas,std,four,hatchback,fwd,front,93.7,157.3,63.8,50.6,1967,ohc,four,90,2bbl,2.97,3.23,9.4,68.0,5500.0,31,38,6229.0,2024,5771.67,0.9265805105153315,457.3299999999999,1,1,1
2,104.0,saab,gas,turbo,four,sedan,fwd,front,99.1,186.6,66.5,56.1,2847,dohc,four,121,mpfi,3.54,3.07,9.0,160.0,5500.0,19,26,18620.0,2018,14684.33,0.7886321160042965,3935.67,7,0,0
0,115.0,mazda,gas,std,four,sedan,fwd,front,98.8,177.8,66.5,55.5,2410,ohc,four,122,2bbl,3.39,3.39,8.6,84.0,4800.0,26,32,10245.0,2018,9501.5,0.9274280136652026,743.5,7,1,1
2,134.0,toyota,gas,std,two,hardtop,rwd,front,98.4,176.2,65.6,52.0,2536,ohc,four,146,mpfi,3.62,3.5,9.3,116.0,4800.0,24,30,9639.0,2014,8449.57,0.8766023446415603,1189.4300000000003,11,1,1
-1,95.0,volvo,diesel,turbo,four,sedan,rwd,front,109.1,188.8,68.9,55.5,3217,ohc,six,145,idi,3.01,3.4,23.0,106.0,4800.0,26,27,22470.0,2023,17267.68,0.7684770805518469,5202.32,2,0,0
2,134.0,toyota,gas,std,two,hardtop,rwd,front,98.4,176.2,65.6,52.0,2536,ohc,four,146,mpfi,3.62,3.5,9.3,116.0,4800.0,24,30,9639.0,2014,8449.57,0.8766023446415603,1189.4300000000003,11,1,1
0,106.0,nissan,gas,std,four,hatchback,fwd,front,97.2,173.4,65.2,54.7,2324,ohc,four,120,2bbl,3.33,3.47,8.5,97.0,5200.0,27,34,8949.0,2024,8313.31,0.9289652475136886,635.6900000000005,1,1,1
-1,65.0,toyota,gas,std,four,sedan,fwd,front,102.4,175.6,66.5,54.9,2414,ohc,four,122,mpfi,3.31,3.54,8.7,92.0,4200.0,27,32,10898.0,2012,8582.27,0.7875087171958158,2315.7299999999996,13,0,0
2,134.0,toyota,gas,std,two,hardtop,rwd,front,98.4,176.2,65.6,52.0,2679,ohc,four,146,mpfi,3.62,3.5,9.3,116.0,4800.0,24,30,11199.0,2021,8370.94,0.7474720957228325,2828.0599999999995,4,0,0
1,168.0,toyota,gas,std,two,hatchback,rwd,front,94.5,168.7,64.0,52.6,2204,ohc,four,98,2bbl,3.19,3.03,9.0,70.0,4800.0,29,34,8238.0,2016,6300.49,0.7648082058752124,1937.5100000000002,9,0,0
0,85.0,honda,gas,std,four,sedan,fwd,front,96.5,175.4,65.2,54.1,2465,ohc,four,110,mpfi,3.15,3.58,9.0,101.0,5800.0,24,28,12945.0,2024,12178.37,0.940777906527617,766.6299999999992,1,1,1
0,91.0,toyota,gas,std,four,sedan,fwd,front,95.7,166.3,64.4,53.0,2081,ohc,four,98,2bbl,3.19,3.03,9.0,70.0,4800.0,30,37,6938.0,2018,5383.84,0.775993081579706,1554.1599999999999,7,0,0
0,110.0,honda,gas,std,four,sedan,fwd,front,96.5,163.4,64.0,54.5,2010,ohc,four,92,1bbl,2.91,3.41,9.2,76.0,6000.0,30,34,7295.0,2022,5157.96,0.7070541466758054,2137.04,3,0,0
3,153.0,mitsubishi,gas,std,two,hatchback,fwd,front,96.3,173.0,65.4,49.4,2328,ohc,four,122,2bbl,3.35,3.46,8.5,88.0,5000.0,25,32,8499.0,2022,6209.92,0.7306647840922461,2289.08,3,0,0
0,91.0,toyota,diesel,std,four,sedan,fwd,front,95.7,166.3,64.4,53.0,2275,ohc,four,110,idi,3.27,3.35,22.5,56.0,4500.0,34,36,7898.0,2016,7311.23,0.925706507976703,586.7700000000004,9,1,1
1,104.0,mazda,gas,std,two,hatchback,fwd,front,93.1,159.1,64.2,54.1,1905,ohc,four,91,2bbl,3.03,3.15,9.0,68.0,5000.0,31,38,6795.0,2012,4780.88,0.7035879323031641,2014.12,13,0,0
-1,110.0,dodge,gas,std,four,wagon,fwd,front,103.3,174.6,64.6,59.8,2535,ohc,four,122,2bbl,3.34,3.46,8.5,88.0,5000.0,24,30,8921.0,2011,8207.62,0.9200336285169824,713.3799999999992,14,1,1
-1,65.0,toyota,gas,std,four,sedan,fwd,front,102.4,175.6,66.5,54.9,2326,ohc,four,122,mpfi,3.31,3.54,8.7,92.0,4200.0,29,34,8948.0,2020,7356.73,0.8221647295485024,1591.2700000000004,5,1,1
0,91.0,toyota,gas,std,four,sedan,fwd,front,95.7,166.3,64.4,53.0,2094,ohc,four,98,2bbl,3.19,3.03,9.0,70.0,4800.0,38,47,7738.0,2017,5435.84,0.7024864306022228,2302.16,8,0,0
1,129.0,mazda,gas,std,two,hatchback,fwd,front,98.8,177.8,66.5,53.7,2385,ohc,four,122,2bbl,3.39,3.39,8.6,84.0,4800.0,26,32,8845.0,2012,7004.56,0.7919231204070096,1840.4399999999996,13,0,0
1,168.0,toyota,gas,std,two,hatchback,rwd,front,94.5,168.7,64.0,52.6,2300,dohc,four,98,mpfi,3.24,3.08,9.4,112.0,6600.0,26,29,9538.0,2023,7386.03,0.774379324806039,2151.9700000000003,2,0,0
0,91.0,toyota,gas,std,four,hatchback,fwd,front,95.7,166.3,64.4,52.8,2122,ohc,four,98,2bbl,3.19,3.03,9.0,70.0,4800.0,28,34,8358.0,2021,7647.39,0.914978463747308,710.6099999999997,4,1,1
3,150.0,saab,gas,std,two,hatchback,fwd,front,99.1,186.6,66.5,56.1,2707,ohc,four,121,mpfi,2.54,2.07,9.3,110.0,5250.0,21,28,15040.0,2010,11571.58,0.7693869680851064,3468.42,15,0,0
0,91.0,toyota,gas,std,four,hatchback,fwd,front,95.7,166.3,64.4,52.8,2109,ohc,four,98,2bbl,3.19,3.03,9.0,70.0,4800.0,30,37,7198.0,2021,5812.27,0.8074840233398167,1385.7299999999996,4,1,1
0,118.0,mazda,gas,std,four,sedan,rwd,front,104.9,175.0,66.1,54.4,2670,ohc,four,140,mpfi,3.76,3.16,8.0,120.0,5000.0,19,27,18280.0,2013,16513.61,0.9033703501094092,1766.3899999999994,12,1,1
3,150.0,saab,gas,turbo,two,hatchback,fwd,front,99.1,186.6,66.5,56.1,2808,dohc,four,121,mpfi,3.54,3.07,9.0,160.0,5500.0,19,26,18150.0,2016,17132.17,0.943921212121212,1017.8300000000017,9,1,1
0,106.0,nissan,gas,std,four,hatchback,fwd,front,97.2,173.4,65.2,54.7,2324,ohc,four,120,2bbl,3.33,3.47,8.5,97.0,5200.0,27,34,8949.0,2024,8313.31,0.9289652475136886,635.6900000000005,1,1,1
0,161.0,peugot,diesel,turbo,four,sedan,rwd,front,107.9,186.7,68.4,56.7,3252,l,four,152,idi,3.7,3.52,21.0,95.0,4150.0,28,33,17950.0,2017,14137.27,0.787591643454039,3812.7299999999996,8,0,0
-1,65.0,toyota,gas,std,four,sedan,fwd,front,102.4,175.6,66.5,54.9,2326,ohc,four,122,mpfi,3.31,3.54,8.7,92.0,4200.0,29,34,8948.0,2020,7356.73,0.8221647295485024,1591.2700000000004,5,1,1
0,91.0,toyota,gas,std,four,sedan,fwd,front,95.7,166.3,64.4,53.0,2081,ohc,four,98,2bbl,3.19,3.03,9.0,70.0,4800.0,30,37,6938.0,2018,5383.84,0.775993081579706,1554.1599999999999,7,0,0
0,106.0,honda,gas,std,two,hatchback,fwd,front,96.5,167.5,65.2,53.3,2289,ohc,four,110,1bbl,3.15,3.58,9.0,86.0,5800.0,27,33,9095.0,2010,7509.63,0.8256877405167675,1585.37,15,1,1
2,164.0,audi,gas,std,four,sedan,4wd,front,99.4,176.6,66.4,54.3,2824,ohc,five,136,mpfi,3.19,3.4,8.0,115.0,5500.0,18,22,17450.0,2020,16241.68,0.9307553008595989,1208.3199999999997,5,1,1
1,118.0,dodge,gas,std,two,hatchback,fwd,front,93.7,157.3,63.8,50.8,1876,ohc,four,90,2bbl,2.97,3.23,9.41,68.0,5500.0,37,41,5572.0,2015,4698.44,0.8432232591529073,873.5600000000004,10,1,1
1,119.0,plymouth,gas,std,two,hatchback,fwd,front,93.7,157.3,63.8,50.8,1918,ohc,four,90,2bbl,2.97,3.23,9.4,68.0,5500.0,37,41,5572.0,2022,4377.35,0.7855976310122039,1194.6499999999996,3,0,0
1,231.0,nissan,gas,std,two,hatchback,rwd,front,99.2,178.5,67.9,49.7,3139,ohcv,six,181,mpfi,3.43,3.27,9.0,160.0,5200.0,19,25,18399.0,2013,17455.77,0.9487347138431437,943.2299999999996,12,1,1
0,118.0,mazda,gas,std,four,sedan,rwd,front,104.9,175.0,66.1,54.4,2670,ohc,four,140,mpfi,3.76,3.16,8.0,120.0,5000.0,19,27,18280.0,2013,16513.61,0.9033703501094092,1766.3899999999994,12,1,1
2,161.0,mitsubishi,gas,std,two,hatchback,fwd,front,93.7,157.3,64.4,50.8,1944,ohc,four,92,2bbl,2.97,3.23,9.4,68.0,5500.0,31,38,6189.0,2024,5666.77,0.9156196477621588,522.2299999999996,1,1,1
1,74.0,toyota,gas,std,four,hatchback,fwd,front,95.7,158.7,63.6,54.5,2015,ohc,four,92,2bbl,3.05,3.03,9.0,62.0,4800.0,31,38,6488.0,2014,5649.55,0.8707691122071517,838.4499999999998,11,1,1
1,119.0,plymouth,gas,std,two,hatchback,fwd,front,93.7,157.3,63.8,50.8,1918,ohc,four,90,2bbl,2.97,3.23,9.4,68.0,5500.0,37,41,5572.0,2022,4377.35,0.7855976310122039,1194.6499999999996,3,0,0
0,188.0,bmw,gas,std,two,sedan,rwd,front,101.2,176.8,64.8,54.3,2710,ohc,six,164,mpfi,3.31,3.19,9.0,121.0,4250.0,21,28,20970.0,2016,15708.25,0.7490820219360992,5261.75,9,0,0
3,194.0,nissan,gas,turbo,two,hatchback,rwd,front,91.3,170.7,67.9,49.7,3139,ohcv,six,181,mpfi,3.43,3.27,7.8,200.0,5200.0,17,23,19699.0,2023,15446.47,0.7841245748515153,4252.530000000001,2,0,0
2,104.0,saab,gas,turbo,four,sedan,fwd,front,99.1,186.6,66.5,56.1,2847,dohc,four,121,mpfi,3.54,3.07,9.0,160.0,5500.0,19,26,18620.0,2018,14684.33,0.7886321160042965,3935.67,7,0,0
3,197.0,toyota,gas,std,two,hatchback,rwd,front,102.9,183.5,67.7,52.0,3016,dohc,six,171,mpfi,3.27,3.35,9.3,161.0,5200.0,19,24,15998.0,2023,11638.52,0.7274984373046631,4359.48,2,0,0
3,150.0,saab,gas,std,two,hatchback,fwd,front,99.1,186.6,66.5,56.1,2658,ohc,four,121,mpfi,3.54,3.07,9.31,110.0,5250.0,21,28,11850.0,2024,9798.42,0.8268708860759494,2051.58,1,1,1
-2,103.0,volvo,gas,std,four,sedan,rwd,front,104.3,188.8,67.2,56.2,2912,ohc,four,141,mpfi,3.78,3.15,9.5,114.0,5400.0,23,28,12940.0,2021,10603.54,0.8194389489953633,2336.459999999999,4,1,1
-2,103.0,volvo,gas,std,four,sedan,rwd,front,104.3,188.8,67.2,56.2,2935,ohc,four,141,mpfi,3.78,3.15,9.5,114.0,5400.0,24,28,15985.0,2012,14323.28,0.8960450422270879,1661.7199999999993,13,1,1
2,94.0,volkswagen,diesel,std,four,sedan,fwd,front,97.3,171.7,65.5,55.7,2264,ohc,four,97,idi,3.01,3.4,23.0,52.0,4800.0,37,46,7995.0,2016,7523.41,0.9410143839899937,471.59000000000015,9,1,1
1,125.0,mitsubishi,gas,std,four,sedan,fwd,front,96.3,172.4,65.4,51.6,2405,ohc,four,122,2bbl,3.35,3.46,8.5,88.0,5000.0,25,32,8189.0,2010,6695.22,0.8175870069605569,1493.7799999999997,15,1,1
0,85.0,honda,gas,std,four,sedan,fwd,front,96.5,175.4,62.5,54.1,2372,ohc,four,110,1bbl,3.15,3.58,9.0,86.0,5800.0,27,33,10295.0,2020,9047.14,0.8787897037396794,1247.8600000000006,5,1,1
-1,93.0,mercedes-benz,diesel,turbo,four,sedan,rwd,front,115.6,202.6,71.7,56.3,3770,ohc,five,183,idi,3.58,3.64,21.5,123.0,4350.0,22,25,31600.0,2019,25974.46,0.821976582278481,5625.540000000001,6,1,1
0,188.0,bmw,gas,std,four,sedan,rwd,front,101.2,176.8,64.8,54.3,2765,ohc,six,164,mpfi,3.31,3.19,9.0,121.0,4250.0,21,28,21105.0,2020,19065.36,0.9033574982231699,2039.6399999999994,5,1,1
-1,110.0,dodge,gas,std,four,wagon,fwd,front,103.3,174.6,64.6,59.8,2535,ohc,four,122,2bbl,3.34,3.46,8.5,88.0,5000.0,24,30,8921.0,2011,8207.62,0.9200336285169824,713.3799999999992,14,1,1
0,161.0,peugot,gas,std,four,sedan,rwd,front,107.9,186.7,68.4,56.7,3075,l,four,120,mpfi,3.46,2.19,8.4,95.0,5000.0,19,24,15580.0,2023,13927.47,0.8939326059050063,1652.5300000000007,2,1,1
0,91.0,toyota,gas,std,four,sedan,fwd,front,95.7,166.3,64.4,53.0,2081,ohc,four,98,2bbl,3.19,3.03,9.0,70.0,4800.0,30,37,6938.0,2018,5383.84,0.775993081579706,1554.1599999999999,7,0,0
-1,65.0,toyota,gas,std,four,hatchback,fwd,front,102.4,175.6,66.5,53.9,2414,ohc,four,122,mpfi,3.31,3.54,8.7,92.0,4200.0,27,32,9988.0,2010,7495.26,0.7504265118141771,2492.74,15,0,0
1,158.0,audi,gas,std,four,sedan,fwd,front,105.8,192.7,71.4,55.7,2844,ohc,five,136,mpfi,3.19,3.4,8.5,110.0,5500.0,19,25,17710.0,2022,16110.69,0.909694522868436,1599.3099999999995,3,1,1
3,197.0,toyota,gas,std,two,hatchback,rwd,front,102.9,183.5,67.7,52.0,2976,dohc,six,171,mpfi,3.27,3.35,9.3,161.0,5200.0,20,24,16558.0,2024,12435.92,0.7510520594274671,4122.08,1,0,0
1,129.0,mazda,gas,std,two,hatchback,fwd,front,98.8,177.8,66.5,53.7,2385,ohc,four,122,2bbl,3.39,3.39,8.6,84.0,4800.0,26,32,10595.0,2014,8646.12,0.8160566304860785,1948.8799999999992,11,1,1
-1,95.0,volvo,gas,turbo,four,sedan,rwd,front,109.1,188.8,68.8,55.5,3049,ohc,four,141,mpfi,3.78,3.15,8.7,160.0,5300.0,19,25,19045.0,2022,15518.65,0.8148411656602783,3526.3500000000004,3,1,1
1,125.0,mitsubishi,gas,turbo,four,sedan,fwd,front,96.3,172.4,65.4,51.6,2403,ohc,four,110,spdi,3.17,3.46,7.5,116.0,5500.0,23,30,9279.0,2013,8254.01,0.8895365879943959,1024.9899999999998,12,1,1
1,148.0,dodge,gas,std,four,hatchback,fwd,front,93.7,157.3,63.8,50.6,1967,ohc,four,90,2bbl,2.97,3.23,9.4,68.0,5500.0,31,38,6229.0,2017,5906.72,0.9482613581634292,322.27999999999975,8,1,1
1,101.0,honda,gas,std,two,hatchback,fwd,front,93.7,150.0,64.0,52.6,1956,ohc,four,92,1bbl,2.91,3.41,9.2,76.0,6000.0,30,34,7129.0,2015,6124.47,0.8590924393323047,1004.5299999999997,10,1,1
2,83.0,subaru,gas,std,two,hatchback,4wd,front,93.3,157.3,63.8,55.7,2240,ohcf,four,108,2bbl,3.62,2.64,8.7,73.0,4400.0,26,31,7603.0,2021,5409.67,0.711517821912403,2193.33,4,0,0
-1,74.0,plymouth,gas,std,four,wagon,fwd,front,103.3,174.6,64.6,59.8,2535,ohc,four,122,2bbl,3.35,3.46,8.5,88.0,5000.0,24,30,8921.0,2019,7930.79,0.8890023539961888,990.21,6,1,1
2,134.0,toyota,gas,std,two,hardtop,rwd,front,98.4,176.2,65.6,52.0,2679,ohc,four,146,mpfi,3.62,3.5,9.3,116.0,4800.0,24,30,11199.0,2021,8370.94,0.7474720957228325,2828.0599999999995,4,0,0
1,128.0,nissan,gas,std,two,sedan,fwd,front,94.5,165.3,63.8,54.5,1889,ohc,four,97,2bbl,3.15,3.29,9.4,69.0,5200.0,31,37,5499.0,2017,3990.6,0.72569558101473,1508.4,8,0,0
1,154.0,plymouth,gas,std,four,hatchback,fwd,front,93.7,157.3,63.8,50.6,1967,ohc,four,90,2bbl,2.97,3.23,9.4,68.0,5500.0,31,38,6229.0,2024,5771.67,0.9265805105153315,457.3299999999999,1,1,1
-1,95.0,volvo,gas,turbo,four,sedan,rwd,front,109.1,188.8,68.8,55.5,3049,ohc,four,141,mpfi,3.78,3.15,8.7,160.0,5300.0,19,25,19045.0,2022,15518.65,0.8148411656602783,3526.3500000000004,3,1,1
1,118.0,dodge,gas,std,two,hatchback,fwd,front,93.7,157.3,63.8,50.8,1876,ohc,four,90,2bbl,2.97,3.23,9.4,68.0,5500.0,31,38,6377.0,2014,4754.03,0.7454963148816057,1622.9700000000003,11,0,0
-1,95.0,volvo,diesel,turbo,four,sedan,rwd,front,109.1,188.8,68.9,55.5,3217,ohc,six,145,idi,3.01,3.4,23.0,106.0,4800.0,26,27,22470.0,2023,17267.68,0.7684770805518469,5202.32,2,0,0
2,137.0,honda,gas,std,two,hatchback,fwd,front,86.6,144.6,63.9,50.8,1819,ohc,four,92,1bbl,2.91,3.41,9.2,76.0,6000.0,31,38,6855.0,2010,5958.36,0.869199124726477,896.6400000000003,15,1,1
3,197.0,toyota,gas,std,two,hatchback,rwd,front,102.9,183.5,67.7,52.0,2976,dohc,six,171,mpfi,3.27,3.35,9.3,161.0,5200.0,20,24,16558.0,2024,12435.92,0.7510520594274671,4122.08,1,0,0
-1,65.0,toyota,gas,std,four,hatchback,fwd,front,102.4,175.6,66.5,53.9,2458,ohc,four,122,mpfi,3.31,3.54,8.7,92.0,4200.0,27,32,11248.0,2014,8711.67,0.7745083570412518,2536.33,11,0,0
1,87.0,toyota,gas,std,two,hatchback,fwd,front,95.7,158.7,63.6,54.5,2040,ohc,four,92,2bbl,3.05,3.03,9.0,62.0,4800.0,31,38,6338.0,2020,4672.47,0.7372152098453771,1665.5299999999997,5,0,0
2,168.0,nissan,gas,std,two,hardtop,fwd,front,95.1,162.4,63.8,53.3,2008,ohc,four,97,2bbl,3.15,3.29,9.4,69.0,5200.0,31,37,8249.0,2022,6512.52,0.7894920596435933,1736.4799999999996,3,0,0
1,128.0,nissan,gas,std,two,sedan,fwd,front,94.5,165.3,63.8,54.5,1951,ohc,four,97,2bbl,3.15,3.29,9.4,69.0,5200.0,31,37,7299.0,2015,5609.36,0.7685107548979312,1689.6400000000003,10,0,0
0,106.0,nissan,gas,std,four,hatchback,fwd,front,97.2,173.4,65.2,54.7,2324,ohc,four,120,2bbl,3.33,3.47,8.5,97.0,5200.0,27,34,8949.0,2024,8313.31,0.9289652475136886,635.6900000000005,1,1,1
1,148.0,dodge,gas,std,four,sedan,fwd,front,93.7,157.3,63.8,50.6,1989,ohc,four,90,2bbl,2.97,3.23,9.4,68.0,5500.0,31,38,6692.0,2021,5502.92,0.8223132098027496,1189.08,4,1,1
1,129.0,mazda,gas,std,two,hatchback,fwd,front,98.8,177.8,66.5,53.7,2385,ohc,four,122,2bbl,3.39,3.39,8.6,84.0,4800.0,26,32,8845.0,2012,7004.56,0.7919231204070096,1840.4399999999996,13,0,0
1,125.0,mitsubishi,gas,turbo,four,sedan,fwd,front,96.3,172.4,65.4,51.6,2403,ohc,four,110,spdi,3.17,3.46,7.5,116.0,5500.0,23,30,9279.0,2013,8254.01,0.8895365879943959,1024.9899999999998,12,1,1
1,154.0,plymouth,gas,std,four,hatchback,fwd,front,93.7,157.3,63.8,50.6,1967,ohc,four,90,2bbl,2.97,3.23,9.4,68.0,5500.0,31,38,6229.0,2024,5771.67,0.9265805105153315,457.3299999999999,1,1,1
1,168.0,toyota,gas,std,two,sedan,rwd,front,94.5,168.7,64.0,52.6,2265,dohc,four,98,mpfi,3.24,3.08,9.4,112.0,6600.0,26,29,9298.0,2016,7212.89,0.7757463970746398,2085.1099999999997,9,0,0
0,91.0,toyota,gas,std,four,hatchback,fwd,front,95.7,166.3,64.4,52.8,2122,ohc,four,98,2bbl,3.19,3.03,9.0,70.0,4800.0,28,34,8358.0,2021,7647.39,0.914978463747308,710.6099999999997,4,1,1
0,102.0,subaru,gas,std,four,sedan,fwd,front,97.2,172.0,65.4,52.5,2340,ohcf,four,108,mpfi,3.62,2.64,9.0,94.0,5200.0,26,32,9960.0,2024,9423.51,0.9461355421686747,536.4899999999998,1,1,1
0,91.0,toyota,diesel,std,four,hatchback,fwd,front,95.7,166.3,64.4,52.8,2275,ohc,four,110,idi,3.27,3.35,22.5,56.0,4500.0,38,47,7788.0,2018,6201.18,0.7962480739599384,1586.8199999999997,7,0,0
0,85.0,honda,gas,std,four,sedan,fwd,front,96.5,175.4,65.2,54.1,2465,ohc,four,110,mpfi,3.15,3.58,9.0,101.0,5800.0,24,28,12945.0,2024,12178.37,0.940777906527617,766.6299999999992,1,1,1
2,164.0,audi,gas,std,four,sedan,fwd,front,99.8,176.6,66.2,54.3,2337,ohc,four,109,mpfi,3.19,3.4,10.0,102.0,5500.0,24,30,13950.0,2024,12454.57,0.8928007168458781,1495.4300000000003,1,1,1
-1,65.0,toyota,gas,std,four,hatchback,fwd,front,102.4,175.6,66.5,53.9,2414,ohc,four,122,mpfi,3.31,3.54,8.7,92.0,4200.0,27,32,9988.0,2010,7495.26,0.7504265118141771,2492.74,15,0,0
3,153.0,mitsubishi,gas,turbo,two,hatchback,fwd,front,96.3,173.0,65.4,49.4,2370,ohc,four,110,spdi,3.17,3.46,7.5,116.0,5500.0,23,30,9959.0,2021,7158.79,0.7188261873682097,2800.21,4,0,0
3,194.0,nissan,gas,std,two,hatchback,rwd,front,91.3,170.7,67.9,49.7,3071,ohcv,six,181,mpfi,3.43,3.27,9.0,160.0,5200.0,19,25,17199.0,2019,15902.75,0.9246322460608175,1296.25,6,1,1
1,154.0,plymouth,gas,std,four,sedan,fwd,front,93.7,167.3,63.8,50.8,2191,ohc,four,98,2bbl,2.97,3.23,9.4,68.0,5500.0,31,38,7609.0,2017,6724.07,0.8836995663030621,884.9300000000003,8,1,1
1,161.0,mitsubishi,gas,turbo,two,hatchback,fwd,front,93.0,157.3,63.8,50.8,2145,ohc,four,98,spdi,3.03,3.39,7.6,102.0,5500.0,24,30,7689.0,2016,7086.43,0.9216322018467942,602.5699999999997,9,1,1
-1,90.0,toyota,gas,std,four,sedan,rwd,front,104.5,187.8,66.5,54.1,3131,dohc,six,171,mpfi,3.27,3.35,9.2,156.0,5200.0,20,24,15690.0,2012,13579.71,0.8655009560229445,2110.290000000001,13,1,1
2,137.0,honda,gas,std,two,hatchback,fwd,front,86.6,144.6,63.9,50.8,1819,ohc,four,92,1bbl,2.91,3.41,9.2,76.0,6000.0,31,38,6855.0,2010,5958.36,0.869199124726477,896.6400000000003,15,1,1
2,94.0,volkswagen,diesel,turbo,four,sedan,fwd,front,97.3,171.7,65.5,55.7,2319,ohc,four,97,idi,3.01,3.4,23.0,68.0,4500.0,37,42,9495.0,2016,8340.07,0.878364402317009,1154.9300000000003,9,1,1
0,161.0,peugot,diesel,turbo,four,sedan,rwd,front,107.9,186.7,68.4,56.7,3197,l,four,152,idi,3.7,3.52,21.0,95.0,4150.0,28,33,13200.0,2024,10729.18,0.8128166666666667,2470.8199999999997,1,1,1
2,134.0,toyota,gas,std,two,hardtop,rwd,front,98.4,176.2,65.6,52.0,2679,ohc,four,146,mpfi,3.62,3.5,9.3,116.0,4800.0,24,30,11199.0,2021,8370.94,0.7474720957228325,2828.0599999999995,4,0,0
0,89.0,subaru,gas,std,four,wagon,fwd,front,97.0,173.5,65.4,53.0,2455,ohcf,four,108,mpfi,3.62,2.64,9.0,94.0,5200.0,25,31,10198.0,2017,7231.35,0.7090949205726613,2966.6499999999996,8,0,0
2,104.0,saab,gas,turbo,four,sedan,fwd,front,99.1,186.6,66.5,56.1,2847,dohc,four,121,mpfi,3.54,3.07,9.0,160.0,5500.0,19,26,18620.0,2018,14684.33,0.7886321160042965,3935.67,7,0,0
1,119.0,plymouth,gas,turbo,two,hatchback,fwd,front,93.7,157.3,63.8,50.8,2128,ohc,four,98,spdi,3.03,3.39,7.6,102.0,5500.0,24,30,7957.0,2011,6428.64,0.8079225838884002,1528.3599999999997,14,1,1
1,161.0,mitsubishi,gas,turbo,two,hatchback,fwd,front,93.0,157.3,63.8,50.8,2145,ohc,four,98,spdi,3.03,3.39,7.6,102.0,5500.0,24,30,7689.0,2016,7086.43,0.9216322018467942,602.5699999999997,9,1,1
1,168.0,toyota,gas,std,two,hatchback,rwd,front,94.5,168.7,64.0,52.6,2204,ohc,four,98,2bbl,3.19,3.03,9.0,70.0,4800.0,29,34,8238.0,2016,6300.49,0.7648082058752124,1937.5100000000002,9,0,0
0,108.0,nissan,gas,std,four,sedan,fwd,front,100.4,184.6,66.5,55.1,3060,ohcv,six,181,mpfi,3.43,3.27,9.0,152.0,5200.0,19,25,13499.0,2011,12793.01,0.9477005704126231,705.9899999999998,14,1,1
1,168.0,toyota,gas,std,two,hatchback,rwd,front,94.5,168.7,64.0,52.6,2300,dohc,four,98,mpfi,3.24,3.08,9.4,112.0,6600.0,26,29,9538.0,2023,7386.03,0.774379324806039,2151.9700000000003,2,0,0
1,168.0,toyota,gas,std,two,sedan,rwd,front,94.5,168.7,64.0,52.6,2169,ohc,four,98,2bbl,3.19,3.03,9.0,70.0,4800.0,29,34,8058.0,2010,5887.63,0.7306564904442789,2170.37,15,0,0
1,161.0,mitsubishi,gas,turbo,two,hatchback,fwd,front,93.0,157.3,63.8,50.8,2145,ohc,four,98,spdi,3.03,3.39,7.6,102.0,5500.0,24,30,7689.0,2016,7086.43,0.9216322018467942,602.5699999999997,9,1,1
3,153.0,mitsubishi,gas,std,two,hatchback,fwd,front,96.3,173.0,65.4,49.4,2328,ohc,four,122,2bbl,3.35,3.46,8.5,88.0,5000.0,25,32,8499.0,2022,6209.92,0.7306647840922461,2289.08,3,0,0
1,168.0,toyota,gas,std,two,hatchback,rwd,front,94.5,168.7,64.0,52.6,2300,dohc,four,98,mpfi,3.24,3.08,9.4,112.0,6600.0,26,29,9538.0,2023,7386.03,0.774379324806039,2151.9700000000003,2,0,0
1,158.0,audi,gas,std,four,sedan,fwd,front,105.8,192.7,71.4,55.7,2844,ohc,five,136,mpfi,3.19,3.4,8.5,110.0,5500.0,19,25,17710.0,2022,16110.69,0.909694522868436,1599.3099999999995,3,1,1
2,94.0,volkswagen,gas,std,four,sedan,fwd,front,97.3,171.7,65.5,55.7,2212,ohc,four,109,mpfi,3.19,3.4,9.0,85.0,5250.0,27,34,8195.0,2024,6831.36,0.8336009762050031,1363.6400000000003,1,1,1
0,85.0,subaru,gas,turbo,four,wagon,4wd,front,96.9,173.6,65.4,54.9,2650,ohcf,four,108,mpfi,3.62,2.64,7.7,111.0,4800.0,23,23,11694.0,2012,10248.48,0.8763878912262698,1445.5200000000004,13,1,1
1,231.0,nissan,gas,std,two,hatchback,rwd,front,99.2,178.5,67.9,49.7,3139,ohcv,six,181,mpfi,3.43,3.27,9.0,160.0,5200.0,19,25,18399.0,2013,17455.77,0.9487347138431437,943.2299999999996,12,1,1
3,145.0,dodge,gas,turbo,two,hatchback,fwd,front,95.9,173.2,66.3,50.2,2811,ohc,four,156,mfi,3.6,3.9,7.0,145.0,5000.0,19,24,12964.0,2021,11221.59,0.8655962665843876,1742.4099999999999,4,1,1
0,85.0,subaru,gas,std,four,wagon,4wd,front,96.9,173.6,65.4,54.9,2420,ohcf,four,108,2bbl,3.62,2.64,9.0,82.0,4800.0,23,29,8013.0,2012,5903.56,0.7367477848496194,2109.4399999999996,13,0,0
3,194.0,nissan,gas,std,two,hatchback,rwd,front,91.3,170.7,67.9,49.7,3071,ohcv,six,181,mpfi,3.43,3.27,9.0,160.0,5200.0,19,25,17199.0,2019,15902.75,0.9246322460608175,1296.25,6,1,1
0,106.0,honda,gas,std,two,hatchback,fwd,front,96.5,167.5,65.2,53.3,2289,ohc,four,110,1bbl,3.15,3.58,9.0,86.0,5800.0,27,33,9095.0,2010,7509.63,0.8256877405167675,1585.37,15,1,1
-1,65.0,toyota,gas,std,four,sedan,fwd,front,102.4,175.6,66.5,54.9,2414,ohc,four,122,mpfi,3.31,3.54,8.7,92.0,4200.0,27,32,10898.0,2012,8582.27,0.7875087171958158,2315.7299999999996,13,0,0
0,161.0,peugot,gas,std,four,sedan,rwd,front,107.9,186.7,68.4,56.7,3075,l,four,120,mpfi,3.46,3.19,8.4,97.0,5000.0,19,24,16630.0,2023,12694.96,0.7633770294648226,3935.040000000001,2,0,0
2,83.0,subaru,gas,std,two,hatchback,fwd,front,93.7,157.9,63.6,53.7,2120,ohcf,four,108,2bbl,3.62,2.64,8.7,73.0,4400.0,26,31,7053.0,2010,5042.09,0.7148858641712746,2010.9099999999999,15,0,0
0,102.0,subaru,gas,std,four,sedan,fwd,front,97.2,172.0,65.4,52.5,2190,ohcf,four,108,2bbl,3.62,2.64,9.5,82.0,4400.0,28,33,7775.0,2017,6666.75,0.857459807073955,1108.25,8,1,1
0,188.0,bmw,gas,std,four,sedan,rwd,front,101.2,176.8,64.8,54.3,2765,ohc,six,164,mpfi,3.31,3.19,9.0,121.0,4250.0,21,28,21105.0,2020,19065.36,0.9033574982231699,2039.6399999999994,5,1,1
3,256.0,volkswagen,gas,std,two,hatchback,fwd,front,94.5,165.7,64.0,51.4,2221,ohc,four,109,mpfi,3.19,3.4,8.5,90.0,5500.0,24,29,9980.0,2024,9387.82,0.9406633266533065,592.1800000000003,1,1,1
1,103.0,nissan,gas,std,four,wagon,fwd,front,94.5,170.2,63.8,53.5,2024,ohc,four,97,2bbl,3.15,3.29,9.4,69.0,5200.0,31,37,7349.0,2015,6339.96,0.8626969655735475,1009.04,10,1,1
0,106.0,honda,gas,std,two,hatchback,fwd,front,96.5,167.5,65.2,53.3,2289,ohc,four,110,1bbl,3.15,3.58,9.0,86.0,5800.0,27,33,9095.0,2010,7509.63,0.8256877405167675,1585.37,15,1,1
0,161.0,peugot,diesel,turbo,four,sedan,rwd,front,107.9,186.7,68.4,56.7,3252,l,four,152,idi,3.7,3.52,21.0,95.0,4150.0,28,33,16900.0,2016,13046.04,0.7719550295857989,3853.959999999999,9,0,0
-1,65.0,toyota,gas,std,four,hatchback,fwd,front,102.4,175.6,66.5,53.9,2458,ohc,four,122,mpfi,3.31,3.54,8.7,92.0,4200.0,27,32,11248.0,2014,8711.67,0.7745083570412518,2536.33,11,0,0
2,104.0,saab,gas,turbo,four,sedan,fwd,front,99.1,186.6,66.5,56.1,2847,dohc,four,121,mpfi,3.54,3.07,9.0,160.0,5500.0,19,26,18620.0,2018,14684.33,0.7886321160042965,3935.67,7,0,0
0,91.0,toyota,gas,std,four,sedan,fwd,front,95.7,166.3,64.4,52.8,2140,ohc,four,98,2bbl,3.19,3.03,9.0,70.0,4800.0,28,34,9258.0,2011,7595.43,0.8204180168502917,1662.5699999999997,14,1,1
2,192.0,bmw,gas,std,two,sedan,rwd,front,101.2,176.8,64.8,54.3,2395,ohc,four,108,mpfi,3.5,2.8,8.8,101.0,5800.0,23,29,16430.0,2019,13006.79,0.7916488131466829,3423.209999999999,6,0,0
2,161.0,mitsubishi,gas,std,two,hatchback,fwd,front,93.7,157.3,64.4,50.8,2004,ohc,four,92,2bbl,2.97,3.23,9.4,68.0,5500.0,31,38,6669.0,2021,5766.91,0.8647338431548958,902.0900000000001,4,1,1
1,98.0,chevrolet,gas,std,two,hatchback,fwd,front,94.5,155.9,63.6,52.0,1874,ohc,four,90,2bbl,3.03,3.11,9.6,70.0,5400.0,38,43,6295.0,2017,5807.06,0.9224876886417792,487.9399999999996,8,1,1
1,107.0,honda,gas,std,two,sedan,fwd,front,96.5,169.1,66.0,51.0,2293,ohc,four,110,2bbl,3.15,3.58,9.1,100.0,5500.0,25,31,10345.0,2019,8251.26,0.7976085065248912,2093.74,6,0,0
2,192.0,bmw,gas,std,two,sedan,rwd,front,101.2,176.8,64.8,54.3,2395,ohc,four,108,mpfi,3.5,2.8,8.8,101.0,5800.0,23,29,16430.0,2019,13006.79,0.7916488131466829,3423.209999999999,6,0,0
1,128.0,nissan,gas,std,two,hatchback,fwd,front,94.5,165.6,63.8,53.3,2028,ohc,four,97,2bbl,3.15,3.29,9.4,69.0,5200.0,31,37,7799.0,2019,5659.91,0.7257225285292986,2139.09,6,0,0
-1,95.0,volvo,gas,turbo,four,sedan,rwd,front,109.1,188.8,68.8,55.5,3049,ohc,four,141,mpfi,3.78,3.15,8.7,160.0,5300.0,19,25,19045.0,2022,15518.65,0.8148411656602783,3526.3500000000004,3,1,1
1,119.0,plymouth,gas,turbo,two,hatchback,fwd,front,93.7,157.3,63.8,50.8,2128,ohc,four,98,spdi,3.03,3.39,7.6,102.0,5500.0,24,30,7957.0,2011,6428.64,0.8079225838884002,1528.3599999999997,14,1,1
-1,65.0,toyota,diesel,turbo,four,sedan,fwd,front,102.4,175.6,66.5,54.9,2480,ohc,four,110,idi,3.27,3.35,22.5,73.0,4500.0,30,33,10698.0,2012,8821.79,0.8246204898111797,1876.2099999999991,13,1,1
1,129.0,mazda,gas,std,two,hatchback,fwd,front,98.8,177.8,66.5,53.7,2385,ohc,four,122,2bbl,3.39,3.39,8.6,84.0,4800.0,26,32,8845.0,2012,7004.56,0.7919231204070096,1840.4399999999996,13,0,0
0,102.0,subaru,gas,std,four,sedan,4wd,front,97.0,172.0,65.4,54.3,2385,ohcf,four,108,2bbl,3.62,2.64,9.0,82.0,4800.0,24,25,9233.0,2020,6628.56,0.7179205025452183,2604.4399999999996,5,0,0
-1,95.0,volvo,gas,std,four,sedan,rwd,front,109.1,188.8,68.9,55.5,2952,ohc,four,141,mpfi,3.78,3.15,9.5,114.0,5400.0,23,28,16845.0,2013,13765.08,0.8171611754229742,3079.92,12,1,1
2,94.0,volkswagen,diesel,turbo,four,sedan,fwd,front,97.3,171.7,65.5,55.7,2319,ohc,four,97,idi,3.01,3.4,23.0,68.0,4500.0,37,42,9495.0,2016,8340.07,0.878364402317009,1154.9300000000003,9,1,1
0,91.0,toyota,diesel,std,four,sedan,fwd,front,95.7,166.3,64.4,53.0,2275,ohc,four,110,idi,3.27,3.35,22.5,56.0,4500.0,34,36,7898.0,2016,7311.23,0.925706507976703,586.7700000000004,9,1,1
1,118.0,dodge,gas,std,two,hatchback,fwd,front,93.7,157.3,63.8,50.8,1876,ohc,four,90,2bbl,2.97,3.23,9.4,68.0,5500.0,31,38,6377.0,2014,4754.03,0.7454963148816057,1622.9700000000003,11,0,0
-1,65.0,toyota,diesel,turbo,four,sedan,fwd,front,102.4,175.6,66.5,54.9,2480,ohc,four,110,idi,3.27,3.35,22.5,73.0,4500.0,30,33,10698.0,2012,8821.79,0.8246204898111797,1876.2099999999991,13,1,1
0,188.0,bmw,gas,std,two,sedan,rwd,front,101.2,176.8,64.8,54.3,2710,ohc,six,164,mpfi,3.31,3.19,9.0,121.0,4250.0,21,28,20970.0,2016,15708.25,0.7490820219360992,5261.75,9,0,0
1,154.0,plymouth,gas,std,four,sedan,fwd,front,93.7,167.3,63.8,50.8,2191,ohc,four,98,2bbl,2.97,3.23,9.4,68.0,5500.0,31,38,7609.0,2017,6724.07,0.8836995663030621,884.9300000000003,8,1,1
0,106.0,nissan,gas,std,four,sedan,fwd,front,97.2,173.4,65.2,54.7,2302,ohc,four,120,2bbl,3.33,3.47,8.5,97.0,5200.0,27,34,9549.0,2011,8685.7,0.9095926275002619,863.2999999999993,14,1,1
1,103.0,nissan,gas,std,four,wagon,fwd,front,94.5,170.2,63.8,53.5,2037,ohc,four,97,2bbl,3.15,3.29,9.4,69.0,5200.0,31,37,7999.0,2015,6039.49,0.7550306288286035,1959.5100000000002,10,0,0
0,91.0,toyota,gas,std,four,hatchback,fwd,front,95.7,166.3,64.4,52.8,2109,ohc,four,98,2bbl,3.19,3.03,9.0,70.0,4800.0,30,37,7198.0,2021,5812.27,0.8074840233398167,1385.7299999999996,4,1,1
0,161.0,peugot,gas,turbo,four,sedan,rwd,front,108.0,186.7,68.3,56.0,3130,l,four,134,mpfi,3.61,3.21,7.0,142.0,5600.0,18,24,18150.0,2014,13389.15,0.737694214876033,4760.85,11,0,0
0,91.0,toyota,diesel,std,four,sedan,fwd,front,95.7,166.3,64.4,53.0,2275,ohc,four,110,idi,3.27,3.35,22.5,56.0,4500.0,34,36,7898.0,2016,7311.23,0.925706507976703,586.7700000000004,9,1,1
-1,95.0,volvo,gas,turbo,four,sedan,rwd,front,109.1,188.8,68.8,55.5,3049,ohc,four,141,mpfi,3.78,3.15,8.7,160.0,5300.0,19,25,19045.0,2022,15518.65,0.8148411656602783,3526.3500000000004,3,1,1
2,134.0,toyota,gas,std,two,hatchback,rwd,front,98.4,176.2,65.6,52.0,2714,ohc,four,146,mpfi,3.62,3.5,9.3,116.0,4800.0,24,30,11549.0,2017,8468.1,0.7332323144861027,3080.8999999999996,8,0,0
0,91.0,toyota,gas,std,four,sedan,fwd,front,95.7,166.3,64.4,53.0,2094,ohc,four,98,2bbl,3.19,3.03,9.0,70.0,4800.0,38,47,7738.0,2017,5435.84,0.7024864306022228,2302.16,8,0,0
-1,93.0,mercedes-benz,diesel,turbo,four,sedan,rwd,front,110.0,190.9,70.3,56.5,3515,ohc,five,183,idi,3.58,3.64,21.5,123.0,4350.0,22,25,25552.0,2021,20499.78,0.8022769254852848,5052.220000000001,4,1,1
1,104.0,mazda,gas,std,two,hatchback,fwd,front,93.1,159.1,64.2,54.1,1900,ohc,four,91,2bbl,3.03,3.15,9.0,68.0,5000.0,31,38,6095.0,2023,5044.45,0.8276374077112387,1050.5500000000002,2,1,1
1,128.0,nissan,gas,std,two,sedan,fwd,front,94.5,165.3,63.8,54.5,1889,ohc,four,97,2bbl,3.15,3.29,9.4,69.0,5200.0,31,37,5499.0,2017,3990.6,0.72569558101473,1508.4,8,0,0
0,161.0,peugot,diesel,turbo,four,sedan,rwd,front,107.9,186.7,68.4,56.7,3252,l,four,152,idi,3.7,3.52,21.0,95.0,4150.0,28,33,16900.0,2016,13046.04,0.7719550295857989,3853.959999999999,9,0,0
0,106.0,nissan,gas,std,four,sedan,fwd,front,97.2,173.4,65.2,54.7,2302,ohc,four,120,2bbl,3.33,3.47,8.5,97.0,5200.0,27,34,9549.0,2011,8685.7,0.9095926275002619,863.2999999999993,14,1,1
3,153.0,mitsubishi,gas,std,two,hatchback,fwd,front,96.3,173.0,65.4,49.4,2328,ohc,four,122,2bbl,3.35,3.46,8.5,88.0,5000.0,25,32,8499.0,2022,6209.92,0.7306647840922461,2289.08,3,0,0
-1,110.0,dodge,gas,std,four,wagon,fwd,front,103.3,174.6,64.6,59.8,2535,ohc,four,122,2bbl,3.34,3.46,8.5,88.0,5000.0,24,30,8921.0,2011,8207.62,0.9200336285169824,713.3799999999992,14,1,1
0,78.0,honda,gas,std,four,wagon,fwd,front,96.5,157.1,63.9,58.3,2024,ohc,four,92,1bbl,2.92,3.41,9.2,76.0,6000.0,30,34,7295.0,2021,5174.99,0.7093886223440713,2120.01,4,0,0
-1,65.0,toyota,gas,std,four,hatchback,fwd,front,102.4,175.6,66.5,53.9,2414,ohc,four,122,mpfi,3.31,3.54,8.7,92.0,4200.0,27,32,9988.0,2010,7495.26,0.7504265118141771,2492.74,15,0,0
1,128.0,nissan,gas,std,two,sedan,fwd,front,94.5,165.3,63.8,54.5,1951,ohc,four,97,2bbl,3.15,3.29,9.4,69.0,5200.0,31,37,7299.0,2015,5609.36,0.7685107548979312,1689.6400000000003,10,0,0
2,122.0,volkswagen,gas,std,two,sedan,fwd,front,97.3,171.7,65.5,55.7,2209,ohc,four,109,mpfi,3.19,3.4,9.0,85.0,5250.0,27,34,7975.0,2019,6423.3,0.8054294670846395,1551.6999999999998,6,1,1
1,128.0,nissan,diesel,std,two,sedan,fwd,front,94.5,165.3,63.8,54.5,2017,ohc,four,103,idi,2.99,3.47,21.9,55.0,4800.0,45,50,7099.0,2013,5146.03,0.7248950556416396,1952.9700000000003,12,0,0
1,118.0,dodge,gas,turbo,two,hatchback,fwd,front,93.7,157.3,63.8,50.8,2128,ohc,four,98,mpfi,3.03,3.39,7.6,102.0,5500.0,24,30,7957.0,2011,5846.94,0.7348171421389971,2110.0600000000004,14,0,0
0,115.0,mazda,gas,std,four,hatchback,fwd,front,98.8,177.8,66.5,55.5,2425,ohc,four,122,2bbl,3.39,3.39,8.6,84.0,4800.0,26,32,11245.0,2011,9780.96,0.869805246776345,1464.0400000000009,14,1,1
1,122.0,nissan,gas,std,four,sedan,fwd,front,94.5,165.3,63.8,54.5,1971,ohc,four,97,2bbl,3.15,3.29,9.4,69.0,5200.0,31,37,7499.0,2013,5460.98,0.7282277637018268,2038.0200000000004,12,0,0
2,134.0,toyota,gas,std,two,hardtop,rwd,front,98.4,176.2,65.6,52.0,2536,ohc,four,146,mpfi,3.62,3.5,9.3,116.0,4800.0,24,30,9639.0,2014,8449.57,0.8766023446415603,1189.4300000000003,11,1,1
1,154.0,plymouth,gas,std,four,sedan,fwd,front,93.7,167.3,63.8,50.8,2191,ohc,four,98,2bbl,2.97,3.23,9.4,68.0,5500.0,31,38,7609.0,2017,6724.07,0.8836995663030621,884.9300000000003,8,1,1
1,148.0,dodge,gas,std,four,hatchback,fwd,front,93.7,157.3,63.8,50.6,1967,ohc,four,90,2bbl,2.97,3.23,9.4,68.0,5500.0,31,38,6229.0,2017,5906.72,0.9482613581634292,322.27999999999975,8,1,1
2,121.0,chevrolet,gas,std,two,hatchback,fwd,front,88.4,141.1,60.3,53.2,1488,l,three,61,2bbl,2.91,3.03,9.5,48.0,5100.0,47,53,5151.0,2017,4483.94,0.8704989322461657,667.0600000000004,8,1,1
0,85.0,honda,gas,std,four,sedan,fwd,front,96.5,175.4,65.2,54.1,2304,ohc,four,110,1bbl,3.15,3.58,9.0,86.0,5800.0,27,33,8845.0,2020,7737.43,0.8747801017524025,1107.5699999999997,5,1,1
-1,74.0,plymouth,gas,std,four,wagon,fwd,front,103.3,174.6,64.6,59.8,2535,ohc,four,122,2bbl,3.35,3.46,8.5,88.0,5000.0,24,30,8921.0,2019,7930.79,0.8890023539961888,990.21,6,1,1
0,118.0,mazda,gas,std,four,sedan,rwd,front,104.9,175.0,66.1,54.4,2670,ohc,four,140,mpfi,3.76,3.16,8.0,120.0,5000.0,19,27,18280.0,2013,16513.61,0.9033703501094092,1766.3899999999994,12,1,1
3,150.0,saab,gas,std,two,hatchback,fwd,front,99.1,186.6,66.5,56.1,2658,ohc,four,121,mpfi,3.54,3.07,9.31,110.0,5250.0,21,28,11850.0,2024,9798.42,0.8268708860759494,2051.58,1,1,1
1,148.0,dodge,gas,std,four,hatchback,fwd,front,93.7,157.3,63.8,50.6,1967,ohc,four,90,2bbl,2.97,3.23,9.4,68.0,5500.0,31,38,6229.0,2017,5906.72,0.9482613581634292,322.27999999999975,8,1,1
1,113.0,mazda,gas,std,four,sedan,fwd,front,93.1,166.8,64.2,54.1,1945,ohc,four,91,2bbl,3.03,3.15,9.0,68.0,5000.0,31,38,6695.0,2021,5955.11,0.8894861837191934,739.8900000000003,4,1,1
2,164.0,audi,gas,std,four,sedan,4wd,front,99.4,176.6,66.4,54.3,2824,ohc,five,136,mpfi,3.19,3.4,8.0,115.0,5500.0,18,22,17450.0,2020,16241.68,0.9307553008595989,1208.3199999999997,5,1,1
2,83.0,subaru,gas,std,two,hatchback,fwd,front,93.7,156.9,63.4,53.7,2050,ohcf,four,97,2bbl,3.62,2.36,9.0,69.0,4900.0,31,36,5118.0,2017,4635.49,0.9057229386479093,482.5100000000002,8,1,1
1,128.0,nissan,diesel,std,two,sedan,fwd,front,94.5,165.3,63.8,54.5,2017,ohc,four,103,idi,2.99,3.47,21.9,55.0,4800.0,45,50,7099.0,2013,5146.03,0.7248950556416396,1952.9700000000003,12,0,0
1,154.0,plymouth,gas,std,four,sedan,fwd,front,93.7,167.3,63.8,50.8,2191,ohc,four,98,2bbl,2.97,3.23,9.4,68.0,5500.0,31,38,7609.0,2017,6724.07,0.8836995663030621,884.9300000000003,8,1,1
2,161.0,mitsubishi,gas,std,two,hatchback,fwd,front,93.7,157.3,64.4,50.8,1944,ohc,four,92,2bbl,2.97,3.23,9.4,68.0,5500.0,31,38,6189.0,2024,5666.77,0.9156196477621588,522.2299999999996,1,1,1
2,104.0,saab,gas,std,four,sedan,fwd,front,99.1,186.6,66.5,56.1,2758,ohc,four,121,mpfi,3.54,3.07,9.3,110.0,5250.0,21,28,15510.0,2018,13645.81,0.8798072211476466,1864.1900000000005,7,1,1
1,74.0,toyota,gas,std,four,hatchback,fwd,front,95.7,158.7,63.6,54.5,2015,ohc,four,92,2bbl,3.05,3.03,9.0,62.0,4800.0,31,38,6488.0,2014,5649.55,0.8707691122071517,838.4499999999998,11,1,1
1,168.0,toyota,gas,std,two,sedan,rwd,front,94.5,168.7,64.0,52.6,2169,ohc,four,98,2bbl,3.19,3.03,9.0,70.0,4800.0,29,34,8058.0,2010,5887.63,0.7306564904442789,2170.37,15,0,0
1,103.0,nissan,gas,std,four,wagon,fwd,front,94.5,170.2,63.8,53.5,2024,ohc,four,97,2bbl,3.15,3.29,9.4,69.0,5200.0,31,37,7349.0,2015,6339.96,0.8626969655735475,1009.04,10,1,1
0,161.0,peugot,gas,std,four,sedan,rwd,front,107.9,186.7,68.4,56.7,3075,l,four,120,mpfi,3.46,3.19,8.4,97.0,5000.0,19,24,16630.0,2023,12694.96,0.7633770294648226,3935.040000000001,2,0,0
0,110.0,honda,gas,std,four,sedan,fwd,front,96.5,163.4,64.0,54.5,2010,ohc,four,92,1bbl,2.91,3.41,9.2,76.0,6000.0,30,34,7295.0,2022,5157.96,0.7070541466758054,2137.04,3,0,0
1,168.0,toyota,gas,std,two,hatchback,rwd,front,94.5,168.7,64.0,52.6,2300,dohc,four,98,mpfi,3.24,3.08,9.4,112.0,6600.0,26,29,9538.0,2023,7386.03,0.774379324806039,2151.9700000000003,2,0,0
1,118.0,dodge,gas,std,two,hatchback,fwd,front,93.7,157.3,63.8,50.8,1876,ohc,four,90,2bbl,2.97,3.23,9.41,68.0,5500.0,37,41,5572.0,2015,4698.44,0.8432232591529073,873.5600000000004,10,1,1
3,142.0,mercedes-benz,gas,std,two,convertible,rwd,front,96.6,180.3,70.5,50.8,3685,ohcv,eight,234,mpfi,3.46,3.1,8.3,155.0,4750.0,16,18,35056.0,2019,27648.91,0.7887069260611593,7407.09,6,0,0
0,91.0,toyota,diesel,std,four,hatchback,fwd,front,95.7,166.3,64.4,52.8,2275,ohc,four,110,idi,3.27,3.35,22.5,56.0,4500.0,38,47,7788.0,2018,6201.18,0.7962480739599384,1586.8199999999997,7,0,0
1,118.0,dodge,gas,turbo,two,hatchback,fwd,front,93.7,157.3,63.8,50.8,2128,ohc,four,98,mpfi,3.03,3.39,7.6,102.0,5500.0,24,30,7957.0,2011,5846.94,0.7348171421389971,2110.0600000000004,14,0,0
1,107.0,honda,gas,std,two,sedan,fwd,front,96.5,169.1,66.0,51.0,2293,ohc,four,110,2bbl,3.15,3.58,9.1,100.0,5500.0,25,31,10345.0,2019,8251.26,0.7976085065248912,2093.74,6,0,0
1,119.0,plymouth,gas,turbo,two,hatchback,fwd,front,93.7,157.3,63.8,50.8,2128,ohc,four,98,spdi,3.03,3.39,7.6,102.0,5500.0,24,30,7957.0,2011,6428.64,0.8079225838884002,1528.3599999999997,14,1,1
0,161.0,peugot,gas,turbo,four,sedan,rwd,front,108.0,186.7,68.3,56.0,3130,l,four,134,mpfi,3.61,3.21,7.0,142.0,5600.0,18,24,18150.0,2014,13389.15,0.737694214876033,4760.85,11,0,0
2,121.0,chevrolet,gas,std,two,hatchback,fwd,front,88.4,141.1,60.3,53.2,1488,l,three,61,2bbl,2.91,3.03,9.5,48.0,5100.0,47,53,5151.0,2017,4483.94,0.8704989322461657,667.0600000000004,8,1,1
0,118.0,mazda,gas,std,four,sedan,rwd,front,104.9,175.0,66.1,54.4,2670,ohc,four,140,mpfi,3.76,3.16,8.0,120.0,5000.0,19,27,18280.0,2013,16513.61,0.9033703501094092,1766.3899999999994,12,1,1
1,128.0,nissan,gas,std,two,hatchback,fwd,front,94.5,165.6,63.8,53.3,2028,ohc,four,97,2bbl,3.15,3.29,9.4,69.0,5200.0,31,37,7799.0,2019,5659.91,0.7257225285292986,2139.09,6,0,0
0,106.0,nissan,gas,std,four,hatchback,fwd,front,97.2,173.4,65.2,54.7,2324,ohc,four,120,2bbl,3.33,3.47,8.5,97.0,5200.0,27,34,8949.0,2024,8313.31,0.9289652475136886,635.6900000000005,1,1,1
2,94.0,volkswagen,gas,std,four,sedan,fwd,front,97.3,171.7,65.5,55.7,2275,ohc,four,109,mpfi,3.19,3.4,9.0,85.0,5250.0,27,34,8495.0,2023,6917.81,0.8143390229546793,1577.1899999999996,2,1,1
2,164.0,audi,gas,std,four,sedan,fwd,front,99.8,176.6,66.2,54.3,2337,ohc,four,109,mpfi,3.19,3.4,10.0,102.0,5500.0,24,30,13950.0,2024,12454.57,0.8928007168458781,1495.4300000000003,1,1,1
0,85.0,honda,gas,std,four,sedan,fwd,front,96.5,175.4,65.2,54.1,2465,ohc,four,110,mpfi,3.15,3.58,9.0,101.0,5800.0,24,28,12945.0,2024,12178.37,0.940777906527617,766.6299999999992,1,1,1
-1,95.0,volvo,gas,std,four,sedan,rwd,front,109.1,188.8,68.9,55.5,3012,ohcv,six,173,mpfi,3.58,2.87,8.8,134.0,5500.0,18,23,21485.0,2013,16986.95,0.7906423085873866,4498.049999999999,12,0,0
2,134.0,toyota,gas,std,two,hatchback,rwd,front,98.4,176.2,65.6,52.0,2551,ohc,four,146,mpfi,3.62,3.5,9.3,116.0,4800.0,24,30,9989.0,2012,7468.37,0.7476594253679046,2520.63,13,0,0
-1,95.0,volvo,gas,std,four,sedan,rwd,front,109.1,188.8,68.9,55.5,3012,ohcv,six,173,mpfi,3.58,2.87,8.8,134.0,5500.0,18,23,21485.0,2013,16986.95,0.7906423085873866,4498.049999999999,12,0,0
1,113.0,mazda,gas,std,four,sedan,fwd,front,93.1,166.8,64.2,54.1,1950,ohc,four,91,2bbl,3.08,3.15,9.0,68.0,5000.0,31,38,7395.0,2016,5782.64,0.7819661933739013,1612.3599999999997,9,0,0
1,103.0,nissan,gas,std,four,wagon,fwd,front,94.5,170.2,63.8,53.5,2024,ohc,four,97,2bbl,3.15,3.29,9.4,69.0,5200.0,31,37,7349.0,2015,6339.96,0.8626969655735475,1009.04,10,1,1
2,94.0,volkswagen,diesel,std,four,sedan,fwd,front,97.3,171.7,65.5,55.7,2264,ohc,four,97,idi,3.01,3.4,23.0,52.0,4800.0,37,46,7995.0,2016,7523.41,0.9410143839899937,471.59000000000015,9,1,1
0,188.0,bmw,gas,std,four,sedan,rwd,front,101.2,176.8,64.8,54.3,2765,ohc,six,164,mpfi,3.31,3.19,9.0,121.0,4250.0,21,28,21105.0,2020,19065.36,0.9033574982231699,2039.6399999999994,5,1,1
2,192.0,bmw,gas,std,two,sedan,rwd,front,101.2,176.8,64.8,54.3,2395,ohc,four,108,mpfi,3.5,2.8,8.8,101.0,5800.0,23,29,16430.0,2019,13006.79,0.7916488131466829,3423.209999999999,6,0,0
1,148.0,dodge,gas,std,four,sedan,fwd,front,93.7,157.3,63.8,50.6,1989,ohc,four,90,2bbl,2.97,3.23,9.4,68.0,5500.0,31,38,6692.0,2021,5502.92,0.8223132098027496,1189.08,4,1,1
0,102.0,subaru,gas,std,four,sedan,fwd,front,97.2,172.0,65.4,52.5,2340,ohcf,four,108,mpfi,3.62,2.64,9.0,94.0,5200.0,26,32,9960.0,2024,9423.51,0.9461355421686747,536.4899999999998,1,1,1
2,164.0,audi,gas,std,four,sedan,fwd,front,99.8,176.6,66.2,54.3,2337,ohc,four,109,mpfi,3.19,3.4,10.0,102.0,5500.0,24,30,13950.0,2024,12454.57,0.8928007168458781,1495.4300000000003,1,1,1
3,150.0,saab,gas,std,two,hatchback,fwd,front,99.1,186.6,66.5,56.1,2658,ohc,four,121,mpfi,3.54,3.07,9.31,110.0,5250.0,21,28,11850.0,2024,9798.42,0.8268708860759494,2051.58,1,1,1
2,104.0,saab,gas,std,four,sedan,fwd,front,99.1,186.6,66.5,56.1,2758,ohc,four,121,mpfi,3.54,3.07,9.3,110.0,5250.0,21,28,15510.0,2018,13645.81,0.8798072211476466,1864.1900000000005,7,1,1
0,128.0,nissan,gas,std,four,sedan,fwd,front,100.4,181.7,66.5,55.1,3095,ohcv,six,181,mpfi,3.43,3.27,9.0,152.0,5200.0,17,22,13499.0,2019,9791.65,0.7253611378620638,3707.3500000000004,6,0,0
2,104.0,saab,gas,std,four,sedan,fwd,front,99.1,186.6,66.5,56.1,2758,ohc,four,121,mpfi,3.54,3.07,9.3,110.0,5250.0,21,28,15510.0,2018,13645.81,0.8798072211476466,1864.1900000000005,7,1,1
1,104.0,mazda,gas,std,two,hatchback,fwd,front,93.1,159.1,64.2,54.1,1890,ohc,four,91,2bbl,3.03,3.15,9.0,68.0,5000.0,30,31,5195.0,2024,4747.07,0.9137767083734359,447.9300000000003,1,1,1
-2,103.0,volvo,gas,turbo,four,sedan,rwd,front,104.3,188.8,67.2,56.2,3045,ohc,four,130,mpfi,3.62,3.15,7.5,162.0,5100.0,17,22,18420.0,2016,17105.97,0.9286628664495115,1314.0299999999988,9,1,1
-1,137.0,mitsubishi,gas,std,four,sedan,fwd,front,96.3,172.4,65.4,51.6,2403,ohc,four,110,spdi,3.17,3.46,7.5,116.0,5500.0,23,30,9279.0,2011,8599.07,0.9267237848906131,679.9300000000003,14,1,1
-1,65.0,toyota,diesel,turbo,four,sedan,fwd,front,102.4,175.6,66.5,54.9,2480,ohc,four,110,idi,3.27,3.35,22.5,73.0,4500.0,30,33,10698.0,2012,8821.79,0.8246204898111797,1876.2099999999991,13,1,1
1,128.0,nissan,gas,std,two,sedan,fwd,front,94.5,165.3,63.8,54.5,1951,ohc,four,97,2bbl,3.15,3.29,9.4,69.0,5200.0,31,37,7299.0,2015,5609.36,0.7685107548979312,1689.6400000000003,10,0,0
0,161.0,peugot,diesel,turbo,four,sedan,rwd,front,107.9,186.7,68.4,56.7,3252,l,four,152,idi,3.7,3.52,21.0,95.0,4150.0,28,33,16900.0,2016,13046.04,0.7719550295857989,3853.959999999999,9,0,0
1,104.0,mazda,gas,std,two,hatchback,fwd,front,93.1,159.1,64.2,54.1,1890,ohc,four,91,2bbl,3.03,3.15,9.0,68.0,5000.0,30,31,5195.0,2024,4747.07,0.9137767083734359,447.9300000000003,1,1,1
0,85.0,honda,gas,std,four,sedan,fwd,front,96.5,175.4,65.2,54.1,2304,ohc,four,110,1bbl,3.15,3.58,9.0,86.0,5800.0,27,33,8845.0,2020,7737.43,0.8747801017524025,1107.5699999999997,5,1,1
-1,93.0,mercedes-benz,diesel,turbo,four,wagon,rwd,front,110.0,190.9,70.3,58.7,3750,ohc,five,183,idi,3.58,3.64,21.5,123.0,4350.0,22,25,28248.0,2023,22050.64,0.7806088926649674,6197.360000000001,2,0,0
1,168.0,toyota,gas,std,two,sedan,rwd,front,94.5,168.7,64.0,52.6,2265,dohc,four,98,mpfi,3.24,3.08,9.4,112.0,6600.0,26,29,9298.0,2016,7212.89,0.7757463970746398,2085.1099999999997,9,0,0
